,,UserA,UserB,UserC,UserD
UserA,Vaibhav,0.000000,0.000000,-500.000000,-1000.000000
UserB,Shreyas,0.000000,0.000000,-50.000000,-100.000000
UserC,Aditya,500.000000,50.000000,0.000000,-25.000000
UserD,Ritesh,1000.000000,100.000000,25.000000,0.000000
